Insert into DB_OWNER.USER_DETAILS (USER_ID,USER_FIRSTNAME,USER_LASTNAME,USER_USERNAME,USER_PASSWORD,USER_ROLE) values (1,'Admin','Admin','admin','admin',1);


Insert into DB_OWNER.INSTRUCTOR_DETAILS (INSTRUCTOR_ID,INSTRUCTOR_FIRSTNAME,INSTRUCTOR_LASTNAME) values (1,'Vivek','Chopra');
Insert into DB_OWNER.INSTRUCTOR_DETAILS (INSTRUCTOR_ID,INSTRUCTOR_FIRSTNAME,INSTRUCTOR_LASTNAME) values (2,'Manpreet','Singh');
Insert into DB_OWNER.INSTRUCTOR_DETAILS (INSTRUCTOR_ID,INSTRUCTOR_FIRSTNAME,INSTRUCTOR_LASTNAME) values (3,'Amandeep','Singh');
Insert into DB_OWNER.INSTRUCTOR_DETAILS (INSTRUCTOR_ID,INSTRUCTOR_FIRSTNAME,INSTRUCTOR_LASTNAME) values (4,'Amarpreet','Singh');

Insert into DB_OWNER.CLASS_DETAILS (CLASS_ID,CLASS_DESCRIPTION,CLASS_FEE,INSTRUCTOR_ID) values (4,'karate for Intermediate',60,1);
Insert into DB_OWNER.CLASS_DETAILS (CLASS_ID,CLASS_DESCRIPTION,CLASS_FEE,INSTRUCTOR_ID) values (5,'Karate for Expert',150,1);
Insert into DB_OWNER.CLASS_DETAILS (CLASS_ID,CLASS_DESCRIPTION,CLASS_FEE,INSTRUCTOR_ID) values (1,'Karate for Beginners',30,1);


Insert into DB_OWNER.STUDENT_DETAILS (STUDENT_ID,STUDENT_FIRSTNAME,STUDENT_LASTNAME,STUDENT_DOB,EMAIL_ID,PHONE_NO,EMRGENCY_CONTACT_NO,ADDRS_HOUSENUMBER,ADDRS_STREET,ADDRS_CITY,ADDRS_STATE,ADDRS_POSTALCODE,GENDER,STATUS) values (3,'John','Snow',to_date('03-NOV-91','DD-MON-RR'),'js@gmail.com','684681354864','443468468254','435','Parkinton','Windsor','Ontario','N9B 4D8','male','1');
Insert into DB_OWNER.STUDENT_DETAILS (STUDENT_ID,STUDENT_FIRSTNAME,STUDENT_LASTNAME,STUDENT_DOB,EMAIL_ID,PHONE_NO,EMRGENCY_CONTACT_NO,ADDRS_HOUSENUMBER,ADDRS_STREET,ADDRS_CITY,ADDRS_STATE,ADDRS_POSTALCODE,GENDER,STATUS) values (4,'Robb','Stark',to_date('05-DEC-90','DD-MON-RR'),'Robb@gmail.com','34354531','543254348','83','Wolf street','Winterfell','seven Kingdom','S9B 1K7','male','0');
Insert into DB_OWNER.STUDENT_DETAILS (STUDENT_ID,STUDENT_FIRSTNAME,STUDENT_LASTNAME,STUDENT_DOB,EMAIL_ID,PHONE_NO,EMRGENCY_CONTACT_NO,ADDRS_HOUSENUMBER,ADDRS_STREET,ADDRS_CITY,ADDRS_STATE,ADDRS_POSTALCODE,GENDER,STATUS) values (6,'Bryan','Stark',to_date('05-APR-95','DD-MON-RR'),'Bs@gmail.com','464684635435','42354865','24','Castle Street','Kingslanding','Seven Kingdom','S(B 1M7','male','1');
Insert into DB_OWNER.STUDENT_DETAILS (STUDENT_ID,STUDENT_FIRSTNAME,STUDENT_LASTNAME,STUDENT_DOB,EMAIL_ID,PHONE_NO,EMRGENCY_CONTACT_NO,ADDRS_HOUSENUMBER,ADDRS_STREET,ADDRS_CITY,ADDRS_STATE,ADDRS_POSTALCODE,GENDER,STATUS) values (7,'Danerys','Stormborn ',to_date('07-JUN-92','DD-MON-RR'),'ds@gmail.com','65465413515','5742848454','2','dragon street','Kingslanding','Seven Kingdom','N9B 3P8','female','0');
Insert into DB_OWNER.STUDENT_DETAILS (STUDENT_ID,STUDENT_FIRSTNAME,STUDENT_LASTNAME,STUDENT_DOB,EMAIL_ID,PHONE_NO,EMRGENCY_CONTACT_NO,ADDRS_HOUSENUMBER,ADDRS_STREET,ADDRS_CITY,ADDRS_STATE,ADDRS_POSTALCODE,GENDER,STATUS) values (5,'Cersei','lannister',to_date('23-MAR-85','DD-MON-RR'),'Cl@gmail.com','354346654','543434','24','Castle Street','Kingslanding','Seven Kingdom','S(B 1M7','female','0');
Insert into DB_OWNER.STUDENT_DETAILS (STUDENT_ID,STUDENT_FIRSTNAME,STUDENT_LASTNAME,STUDENT_DOB,EMAIL_ID,PHONE_NO,EMRGENCY_CONTACT_NO,ADDRS_HOUSENUMBER,ADDRS_STREET,ADDRS_CITY,ADDRS_STATE,ADDRS_POSTALCODE,GENDER,STATUS) values (2,'John','Wick',to_date('22-FEB-90','DD-MON-RR'),'john@gmail.com','12123234353','23423423434','522','Bridge Avenue','Windsor','Ontario','N9b 1M7','male','1');
Insert into DB_OWNER.STUDENT_DETAILS (STUDENT_ID,STUDENT_FIRSTNAME,STUDENT_LASTNAME,STUDENT_DOB,EMAIL_ID,PHONE_NO,EMRGENCY_CONTACT_NO,ADDRS_HOUSENUMBER,ADDRS_STREET,ADDRS_CITY,ADDRS_STATE,ADDRS_POSTALCODE,GENDER,STATUS) values (1,'Amandeep','Bhatti',to_date('31-JUL-94','DD-MON-RR'),'aman@gmail.com','5199993565','6477659494','2315,','2315,','Windsor','Ontario','N9B 1M7','male','1');



Insert into DB_OWNER.BELT_RANK (RANK_ID,BELT_COLOR,RANK_LEVEL) values (3,'White','Fundamental Awareness');
Insert into DB_OWNER.BELT_RANK (RANK_ID,BELT_COLOR,RANK_LEVEL) values (8,'Brown','Extreme');
Insert into DB_OWNER.BELT_RANK (RANK_ID,BELT_COLOR,RANK_LEVEL) values (4,'Orange','Beginner');
Insert into DB_OWNER.BELT_RANK (RANK_ID,BELT_COLOR,RANK_LEVEL) values (9,'Red','Expert');
Insert into DB_OWNER.BELT_RANK (RANK_ID,BELT_COLOR,RANK_LEVEL) values (5,'Green','Intermediate');
Insert into DB_OWNER.BELT_RANK (RANK_ID,BELT_COLOR,RANK_LEVEL) values (10,'Black','Master');
Insert into DB_OWNER.BELT_RANK (RANK_ID,BELT_COLOR,RANK_LEVEL) values (2,'Yellow','Novice');
Insert into DB_OWNER.BELT_RANK (RANK_ID,BELT_COLOR,RANK_LEVEL) values (6,'Blue','Competent');
Insert into DB_OWNER.BELT_RANK (RANK_ID,BELT_COLOR,RANK_LEVEL) values (7,'Purple','Proficient');

Insert into DB_OWNER.PARENT_DETAILS (PARENT_ID,PARENT_FIRSTNAME,PARENT_LASTNAME,PARENT_DOB,EMAIL_ID,PHONE_NO,ADDRS_HOUSENUMBER,ADDRS_STREET,ADDRS_CITY,ADDRS_STATE,ADDRS_POSTALCODE,GENDER) values (7,'Ned','Stark',to_date('09-JAN-65','DD-MON-RR'),'dfs@gmail.com','646846848','153 Silverstone Dr.','153 Silverstone Dr.','Winterfell','Seven Kingdom','M9V3G8','male');
Insert into DB_OWNER.PARENT_DETAILS (PARENT_ID,PARENT_FIRSTNAME,PARENT_LASTNAME,PARENT_DOB,EMAIL_ID,PHONE_NO,ADDRS_HOUSENUMBER,ADDRS_STREET,ADDRS_CITY,ADDRS_STATE,ADDRS_POSTALCODE,GENDER) values (1,'Gurleen','Kaur',to_date('31-MAR-83','DD-MON-RR'),'gurleen.kaur108@gmail.com','646846848','153 Silverstone Dr.','153 Silverstone Dr.','Etobicoke','Ontario','M9V3G8','female');
Insert into DB_OWNER.PARENT_DETAILS (PARENT_ID,PARENT_FIRSTNAME,PARENT_LASTNAME,PARENT_DOB,EMAIL_ID,PHONE_NO,ADDRS_HOUSENUMBER,ADDRS_STREET,ADDRS_CITY,ADDRS_STATE,ADDRS_POSTALCODE,GENDER) values (5,'Catelyn','Stark',to_date('11-FEB-77','DD-MON-RR'),'Cstark@gmail.com','646846848','China street','China street','Winterfell','Seven Kingdom','S(B 1M7','female');
Insert into DB_OWNER.PARENT_DETAILS (PARENT_ID,PARENT_FIRSTNAME,PARENT_LASTNAME,PARENT_DOB,EMAIL_ID,PHONE_NO,ADDRS_HOUSENUMBER,ADDRS_STREET,ADDRS_CITY,ADDRS_STATE,ADDRS_POSTALCODE,GENDER) values (6,'Tywin','lannister',to_date('25-AUG-65','DD-MON-RR'),'ty@gmail.com','646846848','354854','lannister street','Kingslanding','Seven Kingdom','SB7 1M7','male');
Insert into DB_OWNER.PARENT_DETAILS (PARENT_ID,PARENT_FIRSTNAME,PARENT_LASTNAME,PARENT_DOB,EMAIL_ID,PHONE_NO,ADDRS_HOUSENUMBER,ADDRS_STREET,ADDRS_CITY,ADDRS_STATE,ADDRS_POSTALCODE,GENDER) values (8,'Aerys','II',to_date('08-SEP-55','DD-MON-RR'),'mk@gmail.com','845748148','2315,','2315,','Windsor','Ontario','N9B 1M7','male');
Insert into DB_OWNER.PARENT_DETAILS (PARENT_ID,PARENT_FIRSTNAME,PARENT_LASTNAME,PARENT_DOB,EMAIL_ID,PHONE_NO,ADDRS_HOUSENUMBER,ADDRS_STREET,ADDRS_CITY,ADDRS_STATE,ADDRS_POSTALCODE,GENDER) values (2,'Daddy','John',to_date('22-DEC-65','DD-MON-RR'),'dj@gmail.com','845748148','4','Randolph','Windsor','Ontario','N9B 1P4','male');
Insert into DB_OWNER.PARENT_DETAILS (PARENT_ID,PARENT_FIRSTNAME,PARENT_LASTNAME,PARENT_DOB,EMAIL_ID,PHONE_NO,ADDRS_HOUSENUMBER,ADDRS_STREET,ADDRS_CITY,ADDRS_STATE,ADDRS_POSTALCODE,GENDER) values (3,'Rhaegar ','Targaryen',to_date('13-JUN-60','DD-MON-RR'),'RT@gmail.com','845748148','25','25','North York','Ontario','N9B 2K9','male');



Insert into DB_OWNER.PRODUCT_DETAILS (PRODUCT_ID,PRODUCT_NAME,PRODUCT_DESCRIPTION,COST_PRICE,SELLING_PRICE,CREATION_TIME) values (1,'Nunchaku','short baton with rope',50,70,null);
Insert into DB_OWNER.PRODUCT_DETAILS (PRODUCT_ID,PRODUCT_NAME,PRODUCT_DESCRIPTION,COST_PRICE,SELLING_PRICE,CREATION_TIME) values (2,'Meteor Hammer','iron ball with chain',90,120,null);

Insert into DB_OWNER.PRODUCT_ORDER (ORDER_ID,STUDENT_ID,PURCHASE_DATE) values (1,2,to_date('21-JUN-19','DD-MON-RR'));

Insert into DB_OWNER.PRODUCT_ORDER_DETAILS (ORDER_ID,PRODUCT_ID,PRODUCT_QUANTITY,UNIT_PRICE,TOTAL_AMOUNT) values (1,2,1,120,0);
Insert into DB_OWNER.PRODUCT_ORDER_DETAILS (ORDER_ID,PRODUCT_ID,PRODUCT_QUANTITY,UNIT_PRICE,TOTAL_AMOUNT) values (1,1,2,70,140);

Insert into DB_OWNER.CLASS_TAKEN (CLASS_ID,STUDENT_ID,BEGIN_DATE) values (1,1,to_date('01-JAN-19','DD-MON-RR'));
Insert into DB_OWNER.CLASS_TAKEN (CLASS_ID,STUDENT_ID,BEGIN_DATE) values (5,3,to_date('31-MAR-19','DD-MON-RR'));
Insert into DB_OWNER.CLASS_TAKEN (CLASS_ID,STUDENT_ID,BEGIN_DATE) values (1,4,to_date('04-APR-19','DD-MON-RR'));
Insert into DB_OWNER.CLASS_TAKEN (CLASS_ID,STUDENT_ID,BEGIN_DATE) values (4,6,to_date('02-FEB-19','DD-MON-RR'));
Insert into DB_OWNER.CLASS_TAKEN (CLASS_ID,STUDENT_ID,BEGIN_DATE) values (5,7,to_date('03-MAR-19','DD-MON-RR'));
Insert into DB_OWNER.CLASS_TAKEN (CLASS_ID,STUDENT_ID,BEGIN_DATE) values (1,5,to_date('31-JAN-19','DD-MON-RR'));
Insert into DB_OWNER.CLASS_TAKEN (CLASS_ID,STUDENT_ID,BEGIN_DATE) values (4,2,to_date('23-FEB-19','DD-MON-RR'));


Insert into DB_OWNER.STUDENT_ATTENDANCE (CLASS_ID,STUDENT_ID,CLASS_DATE,STATUS) values (1,4,to_date('04-JUN-19','DD-MON-RR'),'P');
Insert into DB_OWNER.STUDENT_ATTENDANCE (CLASS_ID,STUDENT_ID,CLASS_DATE,STATUS) values (1,5,to_date('21-JUN-19','DD-MON-RR'),'A');
Insert into DB_OWNER.STUDENT_ATTENDANCE (CLASS_ID,STUDENT_ID,CLASS_DATE,STATUS) values (1,5,to_date('04-JUN-19','DD-MON-RR'),'A');
Insert into DB_OWNER.STUDENT_ATTENDANCE (CLASS_ID,STUDENT_ID,CLASS_DATE,STATUS) values (4,2,to_date('21-JUN-19','DD-MON-RR'),'P');
Insert into DB_OWNER.STUDENT_ATTENDANCE (CLASS_ID,STUDENT_ID,CLASS_DATE,STATUS) values (1,1,to_date('21-JUN-19','DD-MON-RR'),'P');
Insert into DB_OWNER.STUDENT_ATTENDANCE (CLASS_ID,STUDENT_ID,CLASS_DATE,STATUS) values (4,6,to_date('21-JUN-19','DD-MON-RR'),'P');
Insert into DB_OWNER.STUDENT_ATTENDANCE (CLASS_ID,STUDENT_ID,CLASS_DATE,STATUS) values (1,1,to_date('04-JUN-19','DD-MON-RR'),'P');
Insert into DB_OWNER.STUDENT_ATTENDANCE (CLASS_ID,STUDENT_ID,CLASS_DATE,STATUS) values (1,4,to_date('21-JUN-19','DD-MON-RR'),'A');








Insert into DB_OWNER.STUDENT_PARENT (PARENT_ID,STUDENT_ID,RELATION) values (2,2,'Father');
Insert into DB_OWNER.STUDENT_PARENT (PARENT_ID,STUDENT_ID,RELATION) values (3,3,'Guardian');
Insert into DB_OWNER.STUDENT_PARENT (PARENT_ID,STUDENT_ID,RELATION) values (7,6,'Father');
Insert into DB_OWNER.STUDENT_PARENT (PARENT_ID,STUDENT_ID,RELATION) values (1,1,'Guardian');
Insert into DB_OWNER.STUDENT_PARENT (PARENT_ID,STUDENT_ID,RELATION) values (5,4,'Mother');
Insert into DB_OWNER.STUDENT_PARENT (PARENT_ID,STUDENT_ID,RELATION) values (6,5,'Father');
Insert into DB_OWNER.STUDENT_PARENT (PARENT_ID,STUDENT_ID,RELATION) values (8,7,'Father');



Insert into DB_OWNER.STUDENT_RANK (STUDENT_ID,RANK_ID,RANK_ATTAIN_DATE) values (1,3,to_date('31-JAN-19','DD-MON-RR'));
Insert into DB_OWNER.STUDENT_RANK (STUDENT_ID,RANK_ID,RANK_ATTAIN_DATE) values (6,3,to_date('01-JAN-18','DD-MON-RR'));
Insert into DB_OWNER.STUDENT_RANK (STUDENT_ID,RANK_ID,RANK_ATTAIN_DATE) values (6,10,to_date('21-JUN-19','DD-MON-RR'));


Insert into DB_OWNER.STUDENT_REGISTRATION (STUDENT_ID,JOINING_DATE,EXIT_DATE) values (7,to_date('03-MAR-19','DD-MON-RR'),null);
Insert into DB_OWNER.STUDENT_REGISTRATION (STUDENT_ID,JOINING_DATE,EXIT_DATE) values (6,to_date('03-MAR-19','DD-MON-RR'),null);
Insert into DB_OWNER.STUDENT_REGISTRATION (STUDENT_ID,JOINING_DATE,EXIT_DATE) values (5,to_date('03-MAR-19','DD-MON-RR'),null);
Insert into DB_OWNER.STUDENT_REGISTRATION (STUDENT_ID,JOINING_DATE,EXIT_DATE) values (4,to_date('03-MAR-19','DD-MON-RR'),null);
Insert into DB_OWNER.STUDENT_REGISTRATION (STUDENT_ID,JOINING_DATE,EXIT_DATE) values (3,to_date('03-MAR-19','DD-MON-RR'),null);
Insert into DB_OWNER.STUDENT_REGISTRATION (STUDENT_ID,JOINING_DATE,EXIT_DATE) values (2,to_date('03-MAR-19','DD-MON-RR'),null);
Insert into DB_OWNER.STUDENT_REGISTRATION (STUDENT_ID,JOINING_DATE,EXIT_DATE) values (1,to_date('03-MAR-19','DD-MON-RR'),null);



Insert into DB_OWNER.STUDENT_FEE (STUDENT_ID,CLASS_ID,PAYMENT_DATE,FEE_AMOUNT) values (5,1,to_date('21-JUN-19','DD-MON-RR'),30);
Insert into DB_OWNER.STUDENT_FEE (STUDENT_ID,CLASS_ID,PAYMENT_DATE,FEE_AMOUNT) values (7,5,to_date('12-JUN-19','DD-MON-RR'),150);
Insert into DB_OWNER.STUDENT_FEE (STUDENT_ID,CLASS_ID,PAYMENT_DATE,FEE_AMOUNT) values (1,1,to_date('21-JUN-19','DD-MON-RR'),30);
Insert into DB_OWNER.STUDENT_FEE (STUDENT_ID,CLASS_ID,PAYMENT_DATE,FEE_AMOUNT) values (5,1,to_date('21-MAY-19','DD-MON-RR'),30);
Insert into DB_OWNER.STUDENT_FEE (STUDENT_ID,CLASS_ID,PAYMENT_DATE,FEE_AMOUNT) values (7,5,to_date('12-MAY-19','DD-MON-RR'),150);
Insert into DB_OWNER.STUDENT_FEE (STUDENT_ID,CLASS_ID,PAYMENT_DATE,FEE_AMOUNT) values (1,1,to_date('21-APR-19','DD-MON-RR'),30);

commit;
-------------------
select USER_ID_SEQ.NEXTVAL from dual;
select USER_ID_SEQ.NEXTVAL from dual;
select USER_ID_SEQ.NEXTVAL from dual;
select USER_ID_SEQ.NEXTVAL from dual;
select USER_ID_SEQ.NEXTVAL from dual;
select USER_ID_SEQ.NEXTVAL from dual;
select USER_ID_SEQ.NEXTVAL from dual;
select USER_ID_SEQ.NEXTVAL from dual;
select USER_ID_SEQ.NEXTVAL from dual;
select USER_ID_SEQ.NEXTVAL from dual;
select USER_ID_SEQ.NEXTVAL from dual;
select USER_ID_SEQ.NEXTVAL from dual;

select INSTRUCTOR_ID_SEQ.NEXTVAL from dual;
select INSTRUCTOR_ID_SEQ.NEXTVAL from dual;
select INSTRUCTOR_ID_SEQ.NEXTVAL from dual;
select INSTRUCTOR_ID_SEQ.NEXTVAL from dual;
select INSTRUCTOR_ID_SEQ.NEXTVAL from dual;
select INSTRUCTOR_ID_SEQ.NEXTVAL from dual;
select INSTRUCTOR_ID_SEQ.NEXTVAL from dual;
select INSTRUCTOR_ID_SEQ.NEXTVAL from dual;
select INSTRUCTOR_ID_SEQ.NEXTVAL from dual;
select INSTRUCTOR_ID_SEQ.NEXTVAL from dual;
select INSTRUCTOR_ID_SEQ.NEXTVAL from dual;
select INSTRUCTOR_ID_SEQ.NEXTVAL from dual;


select PRODUCT_ID_SEQ.NEXTVAL from dual;
select PRODUCT_ID_SEQ.NEXTVAL from dual;
select PRODUCT_ID_SEQ.NEXTVAL from dual;
select PRODUCT_ID_SEQ.NEXTVAL from dual;
select PRODUCT_ID_SEQ.NEXTVAL from dual;
select PRODUCT_ID_SEQ.NEXTVAL from dual;
select PRODUCT_ID_SEQ.NEXTVAL from dual;
select PRODUCT_ID_SEQ.NEXTVAL from dual;
select PRODUCT_ID_SEQ.NEXTVAL from dual;
select PRODUCT_ID_SEQ.NEXTVAL from dual;
select PRODUCT_ID_SEQ.NEXTVAL from dual;
select PRODUCT_ID_SEQ.NEXTVAL from dual;


select STUDENT_ID_SEQ.NEXTVAL from dual;
select STUDENT_ID_SEQ.NEXTVAL from dual;
select STUDENT_ID_SEQ.NEXTVAL from dual;
select STUDENT_ID_SEQ.NEXTVAL from dual;
select STUDENT_ID_SEQ.NEXTVAL from dual;
select STUDENT_ID_SEQ.NEXTVAL from dual;
select STUDENT_ID_SEQ.NEXTVAL from dual;
select STUDENT_ID_SEQ.NEXTVAL from dual;
select STUDENT_ID_SEQ.NEXTVAL from dual;
select STUDENT_ID_SEQ.NEXTVAL from dual;
select STUDENT_ID_SEQ.NEXTVAL from dual;
select STUDENT_ID_SEQ.NEXTVAL from dual;


select ORDER_ID_SEQ.NEXTVAL from dual;
select ORDER_ID_SEQ.NEXTVAL from dual;
select ORDER_ID_SEQ.NEXTVAL from dual;
select ORDER_ID_SEQ.NEXTVAL from dual;
select ORDER_ID_SEQ.NEXTVAL from dual;
select ORDER_ID_SEQ.NEXTVAL from dual;
select ORDER_ID_SEQ.NEXTVAL from dual;
select ORDER_ID_SEQ.NEXTVAL from dual;
select ORDER_ID_SEQ.NEXTVAL from dual;
select ORDER_ID_SEQ.NEXTVAL from dual;
select ORDER_ID_SEQ.NEXTVAL from dual;
select ORDER_ID_SEQ.NEXTVAL from dual;

select CLASS_ID_SEQ.NEXTVAL from dual;
select CLASS_ID_SEQ.NEXTVAL from dual;
select CLASS_ID_SEQ.NEXTVAL from dual;
select CLASS_ID_SEQ.NEXTVAL from dual;
select CLASS_ID_SEQ.NEXTVAL from dual;
select CLASS_ID_SEQ.NEXTVAL from dual;
select CLASS_ID_SEQ.NEXTVAL from dual;
select CLASS_ID_SEQ.NEXTVAL from dual;
select CLASS_ID_SEQ.NEXTVAL from dual;
select CLASS_ID_SEQ.NEXTVAL from dual;
select CLASS_ID_SEQ.NEXTVAL from dual;
select CLASS_ID_SEQ.NEXTVAL from dual;


select PARENT_ID_SEQ.NEXTVAL from dual;
select PARENT_ID_SEQ.NEXTVAL from dual;
select PARENT_ID_SEQ.NEXTVAL from dual;
select PARENT_ID_SEQ.NEXTVAL from dual;
select PARENT_ID_SEQ.NEXTVAL from dual;
select PARENT_ID_SEQ.NEXTVAL from dual;
select PARENT_ID_SEQ.NEXTVAL from dual;
select PARENT_ID_SEQ.NEXTVAL from dual;
select PARENT_ID_SEQ.NEXTVAL from dual;
select PARENT_ID_SEQ.NEXTVAL from dual;
select PARENT_ID_SEQ.NEXTVAL from dual;
select PARENT_ID_SEQ.NEXTVAL from dual;


select RANK_ID_SEQ.NEXTVAL from dual;
select RANK_ID_SEQ.NEXTVAL from dual;
select RANK_ID_SEQ.NEXTVAL from dual;
select RANK_ID_SEQ.NEXTVAL from dual;
select RANK_ID_SEQ.NEXTVAL from dual;
select RANK_ID_SEQ.NEXTVAL from dual;
select RANK_ID_SEQ.NEXTVAL from dual;
select RANK_ID_SEQ.NEXTVAL from dual;
select RANK_ID_SEQ.NEXTVAL from dual;
select RANK_ID_SEQ.NEXTVAL from dual;
select RANK_ID_SEQ.NEXTVAL from dual;
select RANK_ID_SEQ.NEXTVAL from dual;

commit;